{
  "project_info": {
    "project_number": "685015025044",
    "project_id": "chatapplication-ea786",
    "storage_bucket": "chatapplication-ea786.appspot.com"
  },
  "client": [
    {
      "client_info": {
        "mobilesdk_app_id": "1:685015025044:android:d4f185460a01e868ccbb81",
        "android_client_info": {
          "package_name": "com.internshala.chatapplication"
        }
      },
      "oauth_client": [
        {
          "client_id": "685015025044-ridk3f0bt40v2fvrc5ql09rknu40libs.apps.googleusercontent.com",
          "client_type": 3
        }
      ],
      "api_key": [
        {
          "current_key": "AIzaSyA2l56AdnBkd3tXeYv_8EZk4WvscmQztQE"
        }
      ],
      "services": {
        "appinvite_service": {
          "other_platform_oauth_client": [
            {
              "client_id": "685015025044-ridk3f0bt40v2fvrc5ql09rknu40libs.apps.googleusercontent.com",
              "client_type": 3
            }
          ]
        }
      }
    }
  ],
  "configuration_version": "1"
}